instance,json_objective,legacy_objective,difference,status
ocstpin0,1340.0,1340.0,0,MATCH
ocstpin1,4135577.0,4135577.0,0,MATCH
ocstpin10,6909911.0,6909911.0,0,MATCH
ocstpin11,3888533.0,3888533.0,0,MATCH
ocstpin12,2150236.0,2150236.0,0,MATCH
ocstpin13,5806363.0,5806363.0,0,MATCH
ocstpin14,9955439.0,9955439.0,0,MATCH
ocstpin2,2896545.0,2896545.0,0,MATCH
ocstpin3,7280790.0,7280790.0,0,MATCH
ocstpin4,7263378.0,7263378.0,0,MATCH
ocstpin5,14235693.0,14235693.0,0,MATCH
ocstpin6,3482519.0,3482519.0,0,MATCH
ocstpin7,5889141.0,5889141.0,0,MATCH
ocstpin8,3155658.0,3155658.0,0,MATCH
ocstpin9,6629218.0,6629218.0,0,MATCH
orst0,801846.0,801846.0,0,MATCH
orst1,995494.0,995494.0,0,MATCH
orst2,712327.0,712327.0,0,MATCH
orst3,307480.0,307480.0,0,MATCH
orst4,451519.0,451519.0,0,MATCH
orst5,1147497.0,1147497.0,0,MATCH
orst7,1556492.0,1556492.0,0,MATCH
orst8,905252.0,905252.0,0,MATCH
orst9,555643.0,555643.0,0,MATCH
orst6,1134483.9521924267,1134484.0,0.04780757334083319,DIFFERENT
