instance_name,instance_group,algorithm_name,algorithm_description,num_nodes,num_edges,num_requirements,probability,optimal_known,best_found,is_optimal,runtime_seconds,nodes_explored,mip_gap_percent,gurobi_status,time_limit,heuristics_level,algorithm_version
ocstpin0,ocstpin,path_based_formulation,Path-Based MILP Formulation,10,24,24,0.0,1340,1340,True,0.014668703079223633,1,0.0,-1,30,0.5,1.0
ocstpin0,ocstpin,flow_based_formulation,Flow-Based MILP Formulation,10,24,15,0.0,1340,1340,True,0.05367636680603027,14,0.0,-1,30,0.5,1.0
ocstpin1,ocstpin,path_based_formulation,Path-Based MILP Formulation,10,16,17,0.0,4135577,4135577,True,0.009848356246948242,1,0.0,-1,30,0.5,1.0
ocstpin1,ocstpin,flow_based_formulation,Flow-Based MILP Formulation,10,16,10,0.0,4135577,4135577,True,0.013931512832641602,1,0.0,-1,30,0.5,1.0
ocstpin10,ocstpin,path_based_formulation,Path-Based MILP Formulation,10,23,21,0.0,6909911,6909911,True,0.04145216941833496,7,0.0,-1,30,0.5,1.0
ocstpin10,ocstpin,flow_based_formulation,Flow-Based MILP Formulation,10,23,16,0.0,6909911,6909911,True,0.15271568298339844,154,0.0,-1,30,0.5,1.0
ocstpin11,ocstpin,path_based_formulation,Path-Based MILP Formulation,10,24,24,0.0,3888533,3888533,True,0.01622319221496582,1,0.0,-1,30,0.5,1.0
ocstpin11,ocstpin,flow_based_formulation,Flow-Based MILP Formulation,10,24,15,0.0,3888533,3888533,True,0.08384466171264648,55,0.0,-1,30,0.5,1.0
ocstpin12,ocstpin,path_based_formulation,Path-Based MILP Formulation,10,29,18,0.0,2150236,2150236,True,0.024048566818237305,1,0.0,-1,30,0.5,1.0
ocstpin12,ocstpin,flow_based_formulation,Flow-Based MILP Formulation,10,29,11,0.0,2150236,2150236,True,0.06157684326171875,7,0.0,-1,30,0.5,1.0
ocstpin13,ocstpin,path_based_formulation,Path-Based MILP Formulation,15,37,41,0.0,5806363,5806363,True,0.03650093078613281,1,0.0,-1,30,0.5,1.0
ocstpin13,ocstpin,flow_based_formulation,Flow-Based MILP Formulation,15,37,30,0.0,5806363,5806363,True,0.10044693946838379,1,0.0,-1,30,0.5,1.0
ocstpin14,ocstpin,path_based_formulation,Path-Based MILP Formulation,15,25,33,0.0,9955439,9955439,True,0.08057308197021484,17,0.0,-1,30,0.5,1.0
ocstpin14,ocstpin,flow_based_formulation,Flow-Based MILP Formulation,15,25,21,0.0,9955439,9955439,True,0.19731593132019043,114,0.0,-1,30,0.5,1.0
ocstpin2,ocstpin,path_based_formulation,Path-Based MILP Formulation,10,15,14,0.0,2896545,2896545,True,0.008369684219360352,1,0.0,-1,30,0.5,1.0
ocstpin2,ocstpin,flow_based_formulation,Flow-Based MILP Formulation,10,15,7,0.0,2896545,2896545,True,0.019562721252441406,1,0.0,-1,30,0.5,1.0
ocstpin3,ocstpin,path_based_formulation,Path-Based MILP Formulation,10,18,20,0.0,7280790,7280790,True,0.009937286376953125,1,0.0,-1,30,0.5,1.0
ocstpin3,ocstpin,flow_based_formulation,Flow-Based MILP Formulation,10,18,15,0.0,7280790,7280790,True,0.019244670867919922,1,0.0,-1,30,0.5,1.0
ocstpin4,ocstpin,path_based_formulation,Path-Based MILP Formulation,10,12,21,0.0,7263378,7263378,True,0.00965571403503418,1,0.0,-1,30,0.5,1.0
ocstpin4,ocstpin,flow_based_formulation,Flow-Based MILP Formulation,10,12,15,0.0,7263378,7263378,True,0.012934446334838867,1,0.0,-1,30,0.5,1.0
ocstpin5,ocstpin,path_based_formulation,Path-Based MILP Formulation,10,13,20,0.0,14235693,14235693,True,0.009246110916137695,1,0.0,-1,30,0.5,1.0
ocstpin5,ocstpin,flow_based_formulation,Flow-Based MILP Formulation,10,13,14,0.0,14235693,14235693,True,0.020816326141357422,3,0.0,-1,30,0.5,1.0
ocstpin6,ocstpin,path_based_formulation,Path-Based MILP Formulation,10,16,19,0.0,3482519,3482519,True,0.0224759578704834,5,0.0,-1,30,0.5,1.0
ocstpin6,ocstpin,flow_based_formulation,Flow-Based MILP Formulation,10,16,11,0.0,3482519,3482519,True,0.030030012130737305,9,0.0,-1,30,0.5,1.0
ocstpin7,ocstpin,path_based_formulation,Path-Based MILP Formulation,10,17,20,0.0,5889141,5889141,True,0.011059761047363281,1,0.0,-1,30,0.5,1.0
ocstpin7,ocstpin,flow_based_formulation,Flow-Based MILP Formulation,10,17,13,0.0,5889141,5889141,True,0.042252302169799805,32,0.0,-1,30,0.5,1.0
ocstpin8,ocstpin,path_based_formulation,Path-Based MILP Formulation,10,11,17,0.0,3155658,3155658,True,0.008586406707763672,1,0.0,-1,30,0.5,1.0
ocstpin8,ocstpin,flow_based_formulation,Flow-Based MILP Formulation,10,11,11,0.0,3155658,3155658,True,0.023428678512573242,2,0.0,-1,30,0.5,1.0
ocstpin9,ocstpin,path_based_formulation,Path-Based MILP Formulation,10,23,24,0.0,6629218,6629218,True,0.03257465362548828,3,0.0,-1,30,0.5,1.0
ocstpin9,ocstpin,flow_based_formulation,Flow-Based MILP Formulation,10,23,18,0.0,6629218,6629218,True,0.09098577499389648,60,0.0,-1,30,0.5,1.0
orst0,orst,path_based_formulation,Path-Based MILP Formulation,10,45,19,0.0,801846,801846,True,0.052706003189086914,3,0.0,-1,60,0.5,1.0
orst0,orst,flow_based_formulation,Flow-Based MILP Formulation,10,45,12,0.0,801846,801846,True,0.14818358421325684,46,0.0,-1,60,0.5,1.0
orst1,orst,path_based_formulation,Path-Based MILP Formulation,10,45,20,0.0,995494,995494,True,0.15649890899658203,32,0.0,-1,60,0.5,1.0
orst1,orst,flow_based_formulation,Flow-Based MILP Formulation,10,45,14,0.0,995494,995494,True,0.3694310188293457,245,0.0,-1,60,0.5,1.0
orst2,orst,path_based_formulation,Path-Based MILP Formulation,10,45,18,0.0,712327,712327,True,0.06404757499694824,8,0.0,-1,60,0.5,1.0
orst2,orst,flow_based_formulation,Flow-Based MILP Formulation,10,45,11,0.0,712327,712327,True,0.18379640579223633,82,0.0,-1,60,0.5,1.0
orst3,orst,path_based_formulation,Path-Based MILP Formulation,10,45,15,0.0,307480,307480,True,1.1359269618988037,958,0.0,-1,60,0.5,1.0
orst3,orst,flow_based_formulation,Flow-Based MILP Formulation,10,45,8,0.0,307480,307480,True,0.4524407386779785,433,0.0,-1,60,0.5,1.0
orst4,orst,path_based_formulation,Path-Based MILP Formulation,10,45,17,0.0,451519,451519,True,0.13626718521118164,54,0.0,-1,60,0.5,1.0
orst4,orst,flow_based_formulation,Flow-Based MILP Formulation,10,45,9,0.0,451519,451519,True,0.2790396213531494,156,0.0,-1,60,0.5,1.0
orst5,orst,path_based_formulation,Path-Based MILP Formulation,10,45,21,0.0,1147497,1147497,True,0.07720255851745605,5,0.0,-1,60,0.5,1.0
orst5,orst,flow_based_formulation,Flow-Based MILP Formulation,10,45,16,0.0,1147497,1147497,True,0.394763708114624,244,0.0,-1,60,0.5,1.0
orst6,orst,path_based_formulation,Path-Based MILP Formulation,10,45,17,0.0,1134484,1134484,True,16.541271924972534,6547,0.0,-1,60,0.5,1.0
orst6,orst,flow_based_formulation,Flow-Based MILP Formulation,10,45,11,0.0,1134484,1134484,True,9.905374526977539,5382,0.0,-1,60,0.5,1.0
orst7,orst,path_based_formulation,Path-Based MILP Formulation,10,45,25,0.0,1556492,1556492,True,1.192694902420044,237,0.0,-1,60,0.5,1.0
orst7,orst,flow_based_formulation,Flow-Based MILP Formulation,10,45,18,0.0,1556492,1556492,True,14.169724941253662,6718,0.0,-1,60,0.5,1.0
orst8,orst,path_based_formulation,Path-Based MILP Formulation,10,45,21,0.0,905252,905252,True,0.07686829566955566,16,0.0,-1,60,0.5,1.0
orst8,orst,flow_based_formulation,Flow-Based MILP Formulation,10,45,14,0.0,905252,905252,True,0.7420744895935059,361,0.0,-1,60,0.5,1.0
orst9,orst,path_based_formulation,Path-Based MILP Formulation,10,45,16,0.0,555643,555643,True,0.22958755493164062,148,0.0,-1,60,0.5,1.0
orst9,orst,flow_based_formulation,Flow-Based MILP Formulation,10,45,9,0.0,555643,555643,True,0.24027729034423828,125,0.0,-1,60,0.5,1.0
