instance_name,instance_group,num_nodes,num_edges,num_requirements,probability,optimal_known,best_found,is_optimal,runtime_seconds,nodes_explored,mip_gap_percent,gurobi_status,time_limit,heuristics_level,algorithm_version
ocstpin0,ocstpin,10,24,15,0.0,1340,1340,True,0.05962705612182617,1,0.0,-1,30,0.5,1.0
ocstpin1,ocstpin,10,16,10,0.0,4135577,4135577,True,0.008671760559082031,1,0.0,-1,30,0.5,1.0
ocstpin10,ocstpin,10,23,16,0.0,6909911,6909911,True,0.06606626510620117,17,0.0,-1,30,0.5,1.0
ocstpin11,ocstpin,10,24,15,0.0,3888533,3888533,True,0.050133705139160156,9,0.0,-1,30,0.5,1.0
ocstpin12,ocstpin,10,29,11,0.0,2150236,2150236,True,0.011368513107299805,1,0.0,-1,30,0.5,1.0
ocstpin13,ocstpin,15,37,30,0.0,5806363,5806363,True,0.03527259826660156,1,0.0,-1,30,0.5,1.0
ocstpin14,ocstpin,15,25,21,0.0,9955439,9955439,True,0.04980731010437012,10,0.0,-1,30,0.5,1.0
ocstpin2,ocstpin,10,15,7,0.0,2896545,2896545,True,0.010652542114257812,1,0.0,-1,30,0.5,1.0
ocstpin3,ocstpin,10,18,15,0.0,7280790,7280790,True,0.010407447814941406,1,0.0,-1,30,0.5,1.0
ocstpin4,ocstpin,10,12,15,0.0,7263378,7263378,True,0.00894474983215332,1,0.0,-1,30,0.5,1.0
ocstpin5,ocstpin,10,13,14,0.0,14235693,14235693,True,0.007998466491699219,1,0.0,-1,30,0.5,1.0
ocstpin6,ocstpin,10,16,11,0.0,3482519,3482519,True,0.018776893615722656,2,0.0,-1,30,0.5,1.0
ocstpin7,ocstpin,10,17,13,0.0,5889141,5889141,True,0.009844541549682617,1,0.0,-1,30,0.5,1.0
ocstpin8,ocstpin,10,11,11,0.0,3155658,3155658,True,0.008700370788574219,1,0.0,-1,30,0.5,1.0
ocstpin9,ocstpin,10,23,18,0.0,6629218,6629218,True,0.03594684600830078,3,0.0,-1,30,0.5,1.0
orst0,orst,10,45,12,0.0,801846,801846,True,0.04116058349609375,2,0.0,-1,60,0.5,1.0
orst1,orst,10,45,14,0.0,995494,995494,True,0.3095369338989258,74,0.0,-1,60,0.5,1.0
orst2,orst,10,45,11,0.0,712327,712327,True,0.04526948928833008,5,0.0,-1,60,0.5,1.0
orst3,orst,10,45,8,0.0,307480,307480,True,0.2661914825439453,160,0.0,-1,60,0.5,1.0
orst4,orst,10,45,9,0.0,451519,451519,True,0.06908392906188965,30,0.0,-1,60,0.5,1.0
orst5,orst,10,45,16,0.0,1147497,1147497,True,0.06319069862365723,1,0.0,-1,60,0.5,1.0
orst6,orst,10,45,11,0.0,1134484,1134484,True,16.244409561157227,6832,0.0,-1,60,0.5,1.0
orst7,orst,10,45,18,0.0,1556492,1556492,True,1.676936388015747,302,0.0,-1,60,0.5,1.0
orst8,orst,10,45,14,0.0,905252,905252,True,0.09597134590148926,16,0.0,-1,60,0.5,1.0
orst9,orst,10,45,9,0.0,555643,555643,True,0.346160888671875,165,0.0,-1,60,0.5,1.0
