instance,json_status,legacy_status,json_objective,legacy_objective,objective_diff,objectives_match,json_edges,legacy_edges,edges_match,notes
ocstpin0,ok,ok,1340.0,1340.0,0.0,True,9,9,True,objectives match
ocstpin1,ok,ok,4135577.0,4135577.0,0.0,True,9,9,True,objectives match
ocstpin10,ok,ok,6909911.0,6909911.0,0.0,True,9,9,True,objectives match
ocstpin11,ok,ok,3888533.0,3888533.0,0.0,True,9,9,True,objectives match
ocstpin12,ok,ok,2150236.0,2150236.0,0.0,True,9,9,True,objectives match
ocstpin13,ok,ok,5806363.0,5806363.0,0.0,True,14,14,True,objectives match
ocstpin14,ok,ok,9955439.0,9955439.0,0.0,True,14,14,True,objectives match
ocstpin2,ok,ok,2896545.0,2896545.0,0.0,True,9,9,True,objectives match
ocstpin3,ok,ok,7280790.0,7280790.0,0.0,True,9,9,True,objectives match
ocstpin4,ok,ok,7263378.0,7263378.0,0.0,True,9,9,True,objectives match
ocstpin5,ok,ok,14235693.0,14235693.0,0.0,True,9,9,True,objectives match
ocstpin6,ok,ok,3482519.0,3482519.0,0.0,True,9,9,True,objectives match
ocstpin7,ok,ok,5889141.0,5889141.0,0.0,True,9,9,True,objectives match
ocstpin8,ok,ok,3155658.0,3155658.0,0.0,True,9,9,True,objectives match
ocstpin9,ok,ok,6629218.0,6629218.0,0.0,True,9,9,True,objectives match
orst0,ok,ok,801846.0,801846.0,0.0,True,9,9,True,objectives match
orst1,ok,ok,995494.0,995494.0,0.0,True,9,9,True,objectives match
orst2,ok,ok,712327.0,712327.0,0.0,True,9,9,True,objectives match
orst3,ok,ok,307480.0,307480.0,0.0,True,9,9,True,objectives match
orst4,ok,ok,451519.0,451519.0,0.0,True,9,9,True,objectives match
orst5,ok,ok,1147497.0,1147497.0,0.0,True,9,9,True,objectives match
orst6,ok,ok,1134483.9521924267,1134484.0,0.04780757334083319,False,9,9,True,objective diff=0.047808
orst7,ok,ok,1556492.0,1556492.0,0.0,True,9,9,True,objectives match
orst8,ok,ok,905252.0,905252.0,0.0,True,9,9,True,objectives match
orst9,ok,ok,555643.0,555643.0,0.0,True,9,9,True,objectives match
