instance,num_nodes,num_edges,status,mean_ms,std_ms,min_ms,max_ms,complexity_normalized
ocstpin0,0,0,OK,14.357195800039335,0.6347137251042428,13.743546000114293,15.350214000136475,0.0
ocstpin1,0,0,OK,9.908044000076188,1.2760326623823126,8.465713000077812,11.40759700047056,0.0
ocstpin10,0,0,OK,20.015830399825063,1.9560115705578736,18.035457999758364,22.379043999535497,0.0
ocstpin11,0,0,OK,23.855197399825556,2.0144678017166773,20.582324000315566,26.114339999367076,0.0
ocstpin12,0,0,OK,17.632204000074125,2.473084040361723,14.538184000230103,19.60963100009394,0.0
ocstpin13,0,0,OK,25.197085800209607,4.309812169746296,21.91908999975567,32.641224000144575,0.0
ocstpin14,0,0,OK,23.402694200012775,1.1148697193709751,21.918400999311416,24.9070939999001,0.0
ocstpin2,0,0,OK,12.933115399937378,1.8641289408685364,11.160904000462324,15.16596999954345,0.0
ocstpin3,0,0,OK,14.137262400072359,2.148686663222537,10.968730000058713,16.158153000105813,0.0
ocstpin4,0,0,OK,9.996651799883693,1.714015706123127,8.32756099953258,11.936224000237416,0.0
ocstpin5,0,0,OK,8.247079200191365,0.71056047516172,7.714573000157543,9.445313000469469,0.0
ocstpin6,0,0,OK,15.52551400000084,0.8447897875444983,14.516401000037149,16.66264699997555,0.0
ocstpin7,0,0,OK,9.975596000003861,1.2792067002289456,8.611689999270311,11.82817500011879,0.0
ocstpin8,0,0,OK,9.854455000277085,1.662806099161951,7.9817100004220265,12.290562000089267,0.0
ocstpin9,0,0,OK,22.146894599791267,2.560238662424651,18.947836999359424,24.776485999609577,0.0
orst0,0,0,OK,21.336629599863954,2.21219781643472,18.86141500017402,23.61374599968258,0.0
orst1,0,0,OK,23.67159500008711,1.7607019455958197,21.189729000070656,25.19791200029431,0.0
orst2,0,0,OK,22.13965439987078,0.6494581130709172,21.403423999799998,23.06086999942636,0.0
orst3,0,0,OK,22.581826800160343,1.7190963235919967,20.50104200043279,24.246614999356098,0.0
orst4,0,0,OK,25.976182000158587,2.1271880829842646,23.267171000043163,28.83883100003004,0.0
orst5,0,0,OK,28.59744959987438,5.3204780063593855,22.403818999919167,37.02211800009536,0.0
orst6,0,0,OK,25.747593200139818,2.588470208745799,23.235539999404864,28.855030000158877,0.0
orst7,0,0,OK,24.723132000144687,2.2719791423861513,22.743344999980764,27.984967000520555,0.0
orst8,0,0,OK,22.509443600210943,3.56442874378464,19.284609000351338,28.05693699974654,0.0
orst9,0,0,OK,19.929902799958654,0.9461515383495853,18.904661999840755,21.26387899988913,0.0
